"","subjectid","activity","measure","measuremean"
"1",1,"laying","bodyaccxmean",-0.014794166294
"2",1,"sitting","bodyaccxmean",-0.00594437001978723
"3",1,"standing","bodyaccxmean",0.000779561808867925
"4",1,"walking","bodyaccxmean",-0.00246461543157895
"5",1,"walking_downstairs","bodyaccxmean",-0.0179729
"6",1,"walking_upstairs","bodyaccxmean",0.0243625466981132
"7",2,"laying","bodyaccxmean",-0.00976731646666667
"8",2,"sitting","bodyaccxmean",0.00539671204954348
"9",2,"standing","bodyaccxmean",0.000898836777777778
"10",2,"walking","bodyaccxmean",0.0160380751864407
"11",2,"walking_downstairs","bodyaccxmean",-0.0395567138297872
"12",2,"walking_upstairs","bodyaccxmean",-0.003837691875
"13",3,"laying","bodyaccxmean",-0.00149184656790323
"14",3,"sitting","bodyaccxmean",0.000156060147230769
"15",3,"standing","bodyaccxmean",0.00176542531639344
"16",3,"walking","bodyaccxmean",0.0125380416775862
"17",3,"walking_downstairs","bodyaccxmean",-0.029978364877551
"18",3,"walking_upstairs","bodyaccxmean",0.0294060837016949
"19",4,"laying","bodyaccxmean",-0.0277182417301852
"20",4,"sitting","bodyaccxmean",-0.0030000008622
"21",4,"standing","bodyaccxmean",0.00623440632982143
"22",4,"walking","bodyaccxmean",-0.0112881461
"23",4,"walking_downstairs","bodyaccxmean",-0.0238357594444444
"24",4,"walking_upstairs","bodyaccxmean",0.01380648725
"25",5,"laying","bodyaccxmean",-0.0145492712757692
"26",5,"sitting","bodyaccxmean",-0.000280765625
"27",5,"standing","bodyaccxmean",0.00266409155178571
"28",5,"walking","bodyaccxmean",-0.005337818375
"29",5,"walking_downstairs","bodyaccxmean",-0.0606224985106383
"30",5,"walking_upstairs","bodyaccxmean",0.037940964893617
"31",6,"laying","bodyaccxmean",-0.0354197004192982
"32",6,"sitting","bodyaccxmean",0.00135400343381818
"33",6,"standing","bodyaccxmean",0.0026931458377193
"34",6,"walking","bodyaccxmean",0.00748218254035088
"35",6,"walking_downstairs","bodyaccxmean",-0.0526145689583333
"36",6,"walking_upstairs","bodyaccxmean",0.0142668428823529
"37",7,"laying","bodyaccxmean",-0.0326868808653846
"38",7,"sitting","bodyaccxmean",0.01345903379375
"39",7,"standing","bodyaccxmean",0.00280590717924528
"40",7,"walking","bodyaccxmean",-0.0121078113350877
"41",7,"walking_downstairs","bodyaccxmean",-0.016715204893617
"42",7,"walking_upstairs","bodyaccxmean",0.00539100205882353
"43",8,"laying","bodyaccxmean",-0.0176286269433333
"44",8,"sitting","bodyaccxmean",-0.00479165906804348
"45",8,"standing","bodyaccxmean",0.00115461487601852
"46",8,"walking","bodyaccxmean",0.006359583125
"47",8,"walking_downstairs","bodyaccxmean",-0.117157756421053
"48",8,"walking_upstairs","bodyaccxmean",-0.0425730515121951
"49",9,"laying","bodyaccxmean",-0.022063014334
"50",9,"sitting","bodyaccxmean",-0.007560123968
"51",9,"standing","bodyaccxmean",-1.42152333333334e-05
"52",9,"walking","bodyaccxmean",-0.0117498622673077
"53",9,"walking_downstairs","bodyaccxmean",-0.0875073923809524
"54",9,"walking_upstairs","bodyaccxmean",-0.0120651153469388
"55",10,"laying","bodyaccxmean",0.00161529254539655
"56",10,"sitting","bodyaccxmean",-0.00188687891592593
"57",10,"standing","bodyaccxmean",-0.00974378021510227
"58",10,"walking","bodyaccxmean",0.000133660679245282
"59",10,"walking_downstairs","bodyaccxmean",-0.0280050497368421
"60",10,"walking_upstairs","bodyaccxmean",0.0417836034042553
"61",11,"laying","bodyaccxmean",-0.00210182608982456
"62",11,"sitting","bodyaccxmean",0.000441968160377358
"63",11,"standing","bodyaccxmean",0.000612920740851064
"64",11,"walking","bodyaccxmean",-0.0166354624067797
"65",11,"walking_downstairs","bodyaccxmean",0.00352145304347826
"66",11,"walking_upstairs","bodyaccxmean",-0.0376304344444444
"67",12,"laying","bodyaccxmean",-0.017862270385
"68",12,"sitting","bodyaccxmean",-0.00316273449019608
"69",12,"standing","bodyaccxmean",0.00259708589180328
"70",12,"walking","bodyaccxmean",0.079591022552
"71",12,"walking_downstairs","bodyaccxmean",0.0372621270434783
"72",12,"walking_upstairs","bodyaccxmean",0.00283747141346154
"73",13,"laying","bodyaccxmean",-0.00366211159758065
"74",13,"sitting","bodyaccxmean",0.000822499673469388
"75",13,"standing","bodyaccxmean",9.38300240350877e-05
"76",13,"walking","bodyaccxmean",-0.00783300031578948
"77",13,"walking_downstairs","bodyaccxmean",-0.018214404893617
"78",13,"walking_upstairs","bodyaccxmean",-0.00272305061818182
"79",14,"laying","bodyaccxmean",-0.0331210405392157
"80",14,"sitting","bodyaccxmean",0.00308976929444444
"81",14,"standing","bodyaccxmean",0.00323524267130167
"82",14,"walking","bodyaccxmean",0.0331740278798983
"83",14,"walking_downstairs","bodyaccxmean",0.0130649986222222
"84",14,"walking_upstairs","bodyaccxmean",-0.0513642770111111
"85",15,"laying","bodyaccxmean",-0.00263107428375
"86",15,"sitting","bodyaccxmean",-0.0044725167959322
"87",15,"standing","bodyaccxmean",0.000866215079245283
"88",15,"walking","bodyaccxmean",-0.0210018857777778
"89",15,"walking_downstairs","bodyaccxmean",-0.00128378535952381
"90",15,"walking_upstairs","bodyaccxmean",-0.0410356799375
"91",16,"laying","bodyaccxmean",-0.004696320884
"92",16,"sitting","bodyaccxmean",0.00337782962710145
"93",16,"standing","bodyaccxmean",0.00304878875115385
"94",16,"walking","bodyaccxmean",-0.00580474709803922
"95",16,"walking_downstairs","bodyaccxmean",-0.0127844843191489
"96",16,"walking_upstairs","bodyaccxmean",0.0142322414117647
"97",17,"laying","bodyaccxmean",-0.00440148356338028
"98",17,"sitting","bodyaccxmean",0.00052665931765625
"99",17,"standing","bodyaccxmean",0.00230186370179487
"100",17,"walking","bodyaccxmean",-0.0194026326557377
"101",17,"walking_downstairs","bodyaccxmean",-0.0453123352173913
"102",17,"walking_upstairs","bodyaccxmean",0.0108061382916667
"103",18,"laying","bodyaccxmean",0.00133605728461538
"104",18,"sitting","bodyaccxmean",-0.00129499476
"105",18,"standing","bodyaccxmean",0.00108355715082192
"106",18,"walking","bodyaccxmean",-0.0140533816071429
"107",18,"walking_downstairs","bodyaccxmean",-0.0815608788909091
"108",18,"walking_upstairs","bodyaccxmean",0.0122953302586207
"109",19,"laying","bodyaccxmean",-0.00424787673144578
"110",19,"sitting","bodyaccxmean",-0.000811999063013699
"111",19,"standing","bodyaccxmean",-0.000111231667506849
"112",19,"walking","bodyaccxmean",0.00863122836538461
"113",19,"walking_downstairs","bodyaccxmean",-0.0480788927230769
"114",19,"walking_upstairs","bodyaccxmean",0.022765107575
"115",20,"laying","bodyaccxmean",-0.023926574555
"116",20,"sitting","bodyaccxmean",0.00199592654866667
"117",20,"standing","bodyaccxmean",-0.00205231110547945
"118",20,"walking","bodyaccxmean",-0.00790746895686275
"119",20,"walking_downstairs","bodyaccxmean",0.00980830046666667
"120",20,"walking_upstairs","bodyaccxmean",0.0292707082352941
"121",21,"laying","bodyaccxmean",-0.0113758495422222
"122",21,"sitting","bodyaccxmean",0.000939099632
"123",21,"standing","bodyaccxmean",0.000323419992022472
"124",21,"walking","bodyaccxmean",0.0108471391942308
"125",21,"walking_downstairs","bodyaccxmean",-0.0706617817777778
"126",21,"walking_upstairs","bodyaccxmean",0.0148306768510638
"127",22,"laying","bodyaccxmean",3.59376576388888e-05
"128",22,"sitting","bodyaccxmean",-0.00731019063548387
"129",22,"standing","bodyaccxmean",0.00211680242698413
"130",22,"walking","bodyaccxmean",0.0273544773913044
"131",22,"walking_downstairs","bodyaccxmean",-0.0385017361111111
"132",22,"walking_upstairs","bodyaccxmean",0.005563055
"133",23,"laying","bodyaccxmean",-0.0110409940416667
"134",23,"sitting","bodyaccxmean",0.000131224464705882
"135",23,"standing","bodyaccxmean",0.00201029249794118
"136",23,"walking","bodyaccxmean",-0.0303602160169492
"137",23,"walking_downstairs","bodyaccxmean",0.0838571515185185
"138",23,"walking_upstairs","bodyaccxmean",0.00678431784313726
"139",24,"laying","bodyaccxmean",-0.00813090875138889
"140",24,"sitting","bodyaccxmean",-0.000842552044852941
"141",24,"standing","bodyaccxmean",0.00133906088347826
"142",24,"walking","bodyaccxmean",-0.0183962292931034
"143",24,"walking_downstairs","bodyaccxmean",-0.0673013484545455
"144",24,"walking_upstairs","bodyaccxmean",-0.0246901805084746
"145",25,"laying","bodyaccxmean",-0.0181503489328767
"146",25,"sitting","bodyaccxmean",0.00150186040446154
"147",25,"standing","bodyaccxmean",0.000885390401081081
"148",25,"walking","bodyaccxmean",-0.00771068295945946
"149",25,"walking_downstairs","bodyaccxmean",0.0287099951724138
"150",25,"walking_upstairs","bodyaccxmean",-0.00492476569230769
"151",26,"laying","bodyaccxmean",-0.0163677048293421
"152",26,"sitting","bodyaccxmean",-0.00575741287038462
"153",26,"standing","bodyaccxmean",0.000648310868918919
"154",26,"walking","bodyaccxmean",0.0178392963559322
"155",26,"walking_downstairs","bodyaccxmean",-0.092771175
"156",26,"walking_upstairs","bodyaccxmean",0.00167828432727273
"157",27,"laying","bodyaccxmean",-0.00217562058527027
"158",27,"sitting","bodyaccxmean",-0.00275455113971429
"159",27,"standing","bodyaccxmean",0.001974938554
"160",27,"walking","bodyaccxmean",0.018691361122807
"161",27,"walking_downstairs","bodyaccxmean",-0.00308883704545455
"162",27,"walking_upstairs","bodyaccxmean",0.108333648627451
"163",28,"laying","bodyaccxmean",-0.001781757179125
"164",28,"sitting","bodyaccxmean",-0.000659771022916667
"165",28,"standing","bodyaccxmean",0.00159872114303797
"166",28,"walking","bodyaccxmean",-0.00899283683703704
"167",28,"walking_downstairs","bodyaccxmean",0.0379104280434783
"168",28,"walking_upstairs","bodyaccxmean",0.0192238398039216
"169",29,"laying","bodyaccxmean",0.00529056003275362
"170",29,"sitting","bodyaccxmean",0.00216635743516667
"171",29,"standing","bodyaccxmean",0.000812029568153846
"172",29,"walking","bodyaccxmean",0.00761364350943396
"173",29,"walking_downstairs","bodyaccxmean",6.13874999999994e-05
"174",29,"walking_upstairs","bodyaccxmean",-0.0695075999734694
"175",30,"laying","bodyaccxmean",0.00167630382928571
"176",30,"sitting","bodyaccxmean",-0.00149183795967742
"177",30,"standing","bodyaccxmean",-0.000509431100949153
"178",30,"walking","bodyaccxmean",-0.0177963194184615
"179",30,"walking_downstairs","bodyaccxmean",0.0129472925806452
"180",30,"walking_upstairs","bodyaccxmean",0.0246887827338462
"181",1,"laying","bodyaccymean",0.0052455126414
"182",1,"sitting","bodyaccymean",0.0164534424106383
"183",1,"standing","bodyaccymean",0.00236438743584906
"184",1,"walking","bodyaccymean",-0.0262632746315789
"185",1,"walking_downstairs","bodyaccymean",0.0308070080857143
"186",1,"walking_upstairs","bodyaccymean",0.0244495247509434
"187",2,"laying","bodyaccymean",-0.00221490100958333
"188",2,"sitting","bodyaccymean",0.000619850846804349
"189",2,"standing","bodyaccymean",-0.00027886842037037
"190",2,"walking","bodyaccymean",-0.0128860033559322
"191",2,"walking_downstairs","bodyaccymean",0.0174086295106383
"192",2,"walking_upstairs","bodyaccymean",-0.00662080254166667
"193",3,"laying","bodyaccymean",-0.00281227891451613
"194",3,"sitting","bodyaccymean",0.0156343286769231
"195",3,"standing","bodyaccymean",0.00619708966885246
"196",3,"walking","bodyaccymean",0.00256066099310345
"197",3,"walking_downstairs","bodyaccymean",0.00702865079591837
"198",3,"walking_upstairs","bodyaccymean",-0.0185205184067797
"199",4,"laying","bodyaccymean",0.005727721395
"200",4,"sitting","bodyaccymean",0.02467894949
"201",4,"standing","bodyaccymean",0.0209929509767857
"202",4,"walking","bodyaccymean",0.00640009013333333
"203",4,"walking_downstairs","bodyaccymean",0.00663912564444444
"204",4,"walking_upstairs","bodyaccymean",-0.0621091780846154
"205",5,"laying","bodyaccymean",0.00522750632576923
"206",5,"sitting","bodyaccymean",0.0131403962977273
"207",5,"standing","bodyaccymean",0.0171404176142857
"208",5,"walking","bodyaccymean",0.00557054226785714
"209",5,"walking_downstairs","bodyaccymean",-0.00637366042617021
"210",5,"walking_upstairs","bodyaccymean",-0.00532511623404255
"211",6,"laying","bodyaccymean",0.0125927357922632
"212",6,"sitting","bodyaccymean",0.0124901728072727
"213",6,"standing","bodyaccymean",-0.000203909428070175
"214",6,"walking","bodyaccymean",0.00774501294736842
"215",6,"walking_downstairs","bodyaccymean",0.0228224107125
"216",6,"walking_upstairs","bodyaccymean",-0.0581667994039216
"217",7,"laying","bodyaccymean",-0.0152680304173077
"218",7,"sitting","bodyaccymean",-0.00212763639375
"219",7,"standing","bodyaccymean",0.0035866554754717
"220",7,"walking","bodyaccymean",0.00280495507368421
"221",7,"walking_downstairs","bodyaccymean",0.00871652080851064
"222",7,"walking_upstairs","bodyaccymean",0.0140687410392157
"223",8,"laying","bodyaccymean",-0.0145439818388889
"224",8,"sitting","bodyaccymean",0.0190667120934783
"225",8,"standing","bodyaccymean",0.0017678345037037
"226",8,"walking","bodyaccymean",-0.0329458241875
"227",8,"walking_downstairs","bodyaccymean",0.0378509953947368
"228",8,"walking_upstairs","bodyaccymean",-0.0298505918292683
"229",9,"laying","bodyaccymean",-0.0009611412818
"230",9,"sitting","bodyaccymean",-0.0018439807318
"231",9,"standing","bodyaccymean",-0.00145597932822222
"232",9,"walking","bodyaccymean",0.0137002089038462
"233",9,"walking_downstairs","bodyaccymean",-0.00450820292857143
"234",9,"walking_upstairs","bodyaccymean",-0.00686126936734694
"235",10,"laying","bodyaccymean",-0.00650734423396552
"236",10,"sitting","bodyaccymean",0.00371336635555556
"237",10,"standing","bodyaccymean",-0.00134306565227273
"238",10,"walking","bodyaccymean",0.0092784791509434
"239",10,"walking_downstairs","bodyaccymean",-0.0278705125
"240",10,"walking_upstairs","bodyaccymean",-0.0053341090893617
"241",11,"laying","bodyaccymean",-0.00052170341754386
"242",11,"sitting","bodyaccymean",0.0123624293962264
"243",11,"standing","bodyaccymean",-0.00108975948510638
"244",11,"walking","bodyaccymean",-0.00658153423728814
"245",11,"walking_downstairs","bodyaccymean",0.0134758141086957
"246",11,"walking_upstairs","bodyaccymean",0.0253807892592593
"247",12,"laying","bodyaccymean",0.0033098493225
"248",12,"sitting","bodyaccymean",0.00207343602941176
"249",12,"standing","bodyaccymean",0.000896705470491803
"250",12,"walking","bodyaccymean",0.0039227105
"251",12,"walking_downstairs","bodyaccymean",-0.0324490252173913
"252",12,"walking_upstairs","bodyaccymean",0.0833485898461538
"253",13,"laying","bodyaccymean",-0.00441422649354839
"254",13,"sitting","bodyaccymean",0.012326660744898
"255",13,"standing","bodyaccymean",0.00171642266491228
"256",13,"walking","bodyaccymean",-0.00300161405263158
"257",13,"walking_downstairs","bodyaccymean",0.0248787918510638
"258",13,"walking_upstairs","bodyaccymean",0.00402364327272727
"259",14,"laying","bodyaccymean",0.0183861620254902
"260",14,"sitting","bodyaccymean",0.0175771399851852
"261",14,"standing","bodyaccymean",0.00494828004333333
"262",14,"walking","bodyaccymean",-0.024208645779661
"263",14,"walking_downstairs","bodyaccymean",0.00287332424888889
"264",14,"walking_upstairs","bodyaccymean",0.0481067407592593
"265",15,"laying","bodyaccymean",0.000731934997222222
"266",15,"sitting","bodyaccymean",0.0213650766891525
"267",15,"standing","bodyaccymean",0.00199365024339623
"268",15,"walking","bodyaccymean",0.0171832279444444
"269",15,"walking_downstairs","bodyaccymean",-0.0274731549166667
"270",15,"walking_upstairs","bodyaccymean",0.00819744908333333
"271",16,"laying","bodyaccymean",-0.00194653507428571
"272",16,"sitting","bodyaccymean",0.00691122039202899
"273",16,"standing","bodyaccymean",-0.000909806055
"274",16,"walking","bodyaccymean",0.00635624357098039
"275",16,"walking_downstairs","bodyaccymean",0.019530974893617
"276",16,"walking_upstairs","bodyaccymean",0.0375256759215686
"277",17,"laying","bodyaccymean",0.00496517471830986
"278",17,"sitting","bodyaccymean",0.0055202981546875
"279",17,"standing","bodyaccymean",0.00428671647948718
"280",17,"walking","bodyaccymean",0.0258045690163934
"281",17,"walking_downstairs","bodyaccymean",0.0178267220434783
"282",17,"walking_upstairs","bodyaccymean",-0.0136523815625
"283",18,"laying","bodyaccymean",-0.000535140833076923
"284",18,"sitting","bodyaccymean",0.00554845399298246
"285",18,"standing","bodyaccymean",0.0014643568739726
"286",18,"walking","bodyaccymean",-0.0136866982142857
"287",18,"walking_downstairs","bodyaccymean",0.0400656304363636
"288",18,"walking_upstairs","bodyaccymean",-0.0057653179137931
"289",19,"laying","bodyaccymean",0.000768336541204819
"290",19,"sitting","bodyaccymean",0.000485782438246575
"291",19,"standing","bodyaccymean",0.000700688430136986
"292",19,"walking","bodyaccymean",0.00362492880769231
"293",19,"walking_downstairs","bodyaccymean",0.0294198820512821
"294",19,"walking_upstairs","bodyaccymean",-0.02951709475
"295",20,"laying","bodyaccymean",0.0104854506558824
"296",20,"sitting","bodyaccymean",0.00785499562424243
"297",20,"standing","bodyaccymean",0.00239535080821918
"298",20,"walking","bodyaccymean",0.0295033666862745
"299",20,"walking_downstairs","bodyaccymean",-0.0594410406673333
"300",20,"walking_upstairs","bodyaccymean",-0.0156250910588235
"301",21,"laying","bodyaccymean",-0.000458158010111111
"302",21,"sitting","bodyaccymean",-0.000287253625529412
"303",21,"standing","bodyaccymean",0.00110318394797753
"304",21,"walking","bodyaccymean",0.000476561173076923
"305",21,"walking_downstairs","bodyaccymean",0.0528269827333333
"306",21,"walking_upstairs","bodyaccymean",0.0293181721276596
"307",22,"laying","bodyaccymean",0.00547248258055556
"308",22,"sitting","bodyaccymean",0.012194945616129
"309",22,"standing","bodyaccymean",-0.00049832180031746
"310",22,"walking","bodyaccymean",-0.0259461877173913
"311",22,"walking_downstairs","bodyaccymean",-0.00789471194444444
"312",22,"walking_upstairs","bodyaccymean",-0.058833525547619
"313",23,"laying","bodyaccymean",-0.00533361825041667
"314",23,"sitting","bodyaccymean",0.00125764768255882
"315",23,"standing","bodyaccymean",6.25885702941177e-05
"316",23,"walking","bodyaccymean",-0.00178330406779661
"317",23,"walking_downstairs","bodyaccymean",-0.120757645388889
"318",23,"walking_upstairs","bodyaccymean",-0.0760236198235294
"319",24,"laying","bodyaccymean",-0.000395412311666667
"320",24,"sitting","bodyaccymean",0.00634964925588235
"321",24,"standing","bodyaccymean",0.00077158701884058
"322",24,"walking","bodyaccymean",-0.0230747805862069
"323",24,"walking_downstairs","bodyaccymean",0.0320579617836364
"324",24,"walking_upstairs","bodyaccymean",0.00838876757627119
"325",25,"laying","bodyaccymean",-0.00864267511643836
"326",25,"sitting","bodyaccymean",0.00773222392415385
"327",25,"standing","bodyaccymean",0.00324449581756757
"328",25,"walking","bodyaccymean",-0.0468058139608108
"329",25,"walking_downstairs","bodyaccymean",-0.0120331455568966
"330",25,"walking_upstairs","bodyaccymean",-0.00218527458461538
"331",26,"laying","bodyaccymean",-0.00195883709473684
"332",26,"sitting","bodyaccymean",0.00970387775692308
"333",26,"standing","bodyaccymean",0.00141344922297297
"334",26,"walking","bodyaccymean",0.00605527498135593
"335",26,"walking_downstairs","bodyaccymean",-0.00461272644
"336",26,"walking_upstairs","bodyaccymean",-0.0571383151454545
"337",27,"laying","bodyaccymean",-0.0028602008512027
"338",27,"sitting","bodyaccymean",0.00717094137285714
"339",27,"standing","bodyaccymean",-0.000993551882
"340",27,"walking","bodyaccymean",0.00377672763508772
"341",27,"walking_downstairs","bodyaccymean",0.0176364422113636
"342",27,"walking_upstairs","bodyaccymean",-0.00611353741176471
"343",28,"laying","bodyaccymean",0.004533602575875
"344",28,"sitting","bodyaccymean",-0.00407084274166667
"345",28,"standing","bodyaccymean",0.00481219659113924
"346",28,"walking","bodyaccymean",-0.0141599367962963
"347",28,"walking_downstairs","bodyaccymean",-0.0111389580434783
"348",28,"walking_upstairs","bodyaccymean",-0.00750287703921569
"349",29,"laying","bodyaccymean",-0.000223439985507246
"350",29,"sitting","bodyaccymean",0.0054821881565
"351",29,"standing","bodyaccymean",3.41994773076923e-05
"352",29,"walking","bodyaccymean",-0.0355895105132075
"353",29,"walking_downstairs","bodyaccymean",-0.0250777247916667
"354",29,"walking_upstairs","bodyaccymean",0.0038389
"355",30,"laying","bodyaccymean",-0.000640880200142857
"356",30,"sitting","bodyaccymean",0.00510610121129032
"357",30,"standing","bodyaccymean",-0.00392584859152542
"358",30,"walking","bodyaccymean",-0.0180073763692308
"359",30,"walking_downstairs","bodyaccymean",0.0172969669580645
"360",30,"walking_upstairs","bodyaccymean",-0.00798844470769231
"361",1,"laying","bodyacczmean",-0.0031155270006
"362",1,"sitting","bodyacczmean",0.00628945031468085
"363",1,"standing","bodyacczmean",0.00092134969245283
"364",1,"walking","bodyacczmean",0.00711430172631579
"365",1,"walking_downstairs","bodyacczmean",-0.0106702723061224
"366",1,"walking_upstairs","bodyacczmean",-0.0526514422641509
"367",2,"laying","bodyacczmean",0.00166079207491667
"368",2,"sitting","bodyacczmean",-0.0054791043173913
"369",2,"standing","bodyacczmean",0.00585466471703704
"370",2,"walking","bodyacczmean",0.00782816445762712
"371",2,"walking_downstairs","bodyacczmean",-0.0100636705319149
"372",2,"walking_upstairs","bodyacczmean",-0.0645029562083333
"373",3,"laying","bodyacczmean",0.00374449199677419
"374",3,"sitting","bodyacczmean",0.00709757991538462
"375",3,"standing","bodyacczmean",0.00609634738688525
"376",3,"walking","bodyacczmean",-0.00877298119482759
"377",3,"walking_downstairs","bodyacczmean",0.0154423564489796
"378",3,"walking_upstairs","bodyacczmean",0.0424453678135593
"379",4,"laying","bodyacczmean",0.0045227685537037
"380",4,"sitting","bodyacczmean",0.00685298522126
"381",4,"standing","bodyacczmean",0.0136501764303571
"382",4,"walking","bodyacczmean",-0.00650713568333333
"383",4,"walking_downstairs","bodyacczmean",-0.00198652006666667
"384",4,"walking_upstairs","bodyacczmean",-0.00262122923076923
"385",5,"laying","bodyacczmean",0.00196236673653846
"386",5,"sitting","bodyacczmean",-0.0056504431125
"387",5,"standing","bodyacczmean",0.00581125967857143
"388",5,"walking","bodyacczmean",0.00644461825
"389",5,"walking_downstairs","bodyacczmean",-0.00507607076595745
"390",5,"walking_upstairs","bodyacczmean",0.0412887733404255
"391",6,"laying","bodyacczmean",-0.00561981602157895
"392",6,"sitting","bodyacczmean",-0.004520666728
"393",6,"standing","bodyacczmean",-0.000545497264385965
"394",6,"walking","bodyacczmean",0.00315738724561404
"395",6,"walking_downstairs","bodyacczmean",0.021614792
"396",6,"walking_upstairs","bodyacczmean",0.0571638933333333
"397",7,"laying","bodyacczmean",0.0106078069503846
"398",7,"sitting","bodyacczmean",-0.0151870488458333
"399",7,"standing","bodyacczmean",0.00570497706679245
"400",7,"walking","bodyacczmean",0.0166858444059649
"401",7,"walking_downstairs","bodyacczmean",0.0217014762340426
"402",7,"walking_upstairs","bodyacczmean",-0.00788972423529412
"403",8,"laying","bodyacczmean",0.013632763287037
"404",8,"sitting","bodyacczmean",0.00996749544565217
"405",8,"standing","bodyacczmean",-0.00436181750981481
"406",8,"walking","bodyacczmean",-0.00107343145208334
"407",8,"walking_downstairs","bodyacczmean",0.0451050931315789
"408",8,"walking_upstairs","bodyacczmean",0.0386929758536585
"409",9,"laying","bodyacczmean",0.005805926812
"410",9,"sitting","bodyacczmean",0.016535809208
"411",9,"standing","bodyacczmean",0.00325898344586667
"412",9,"walking","bodyacczmean",-0.0167587168384615
"413",9,"walking_downstairs","bodyacczmean",0.0401176721666667
"414",9,"walking_upstairs","bodyacczmean",0.0041532712244898
"415",10,"laying","bodyacczmean",-0.00981407226810345
"416",10,"sitting","bodyacczmean",0.00538373440555556
"417",10,"standing","bodyacczmean",0.00541063878587727
"418",10,"walking","bodyacczmean",-0.00373331737735849
"419",10,"walking_downstairs","bodyacczmean",0.0266073386315789
"420",10,"walking_upstairs","bodyacczmean",0.00266090474468085
"421",11,"laying","bodyacczmean",-0.00209720969140351
"422",11,"sitting","bodyacczmean",-0.00781261716037736
"423",11,"standing","bodyacczmean",-0.00141932687382979
"424",11,"walking","bodyacczmean",0.0162927753220339
"425",11,"walking_downstairs","bodyacczmean",0.00262828073913043
"426",11,"walking_upstairs","bodyacczmean",0.117903578148148
"427",12,"laying","bodyacczmean",0.00438724815166667
"428",12,"sitting","bodyacczmean",0.00409378759803922
"429",12,"standing","bodyacczmean",0.00785172771147541
"430",12,"walking","bodyacczmean",0.00520544276
"431",12,"walking_downstairs","bodyacczmean",-0.00423216410869565
"432",12,"walking_upstairs","bodyacczmean",-0.000355123319230768
"433",13,"laying","bodyacczmean",0.00735894726580645
"434",13,"sitting","bodyacczmean",0.0195778923020408
"435",13,"standing","bodyacczmean",-0.00086172351754386
"436",13,"walking","bodyacczmean",0.000450210350877193
"437",13,"walking_downstairs","bodyacczmean",-0.0226777529787234
"438",13,"walking_upstairs","bodyacczmean",-0.00675212425454546
"439",14,"laying","bodyacczmean",0.0273343059078431
"440",14,"sitting","bodyacczmean",0.00794447386481481
"441",14,"standing","bodyacczmean",0.00618856379683333
"442",14,"walking","bodyacczmean",-0.0393232123508475
"443",14,"walking_downstairs","bodyacczmean",0.0230437533822222
"444",14,"walking_upstairs","bodyacczmean",-0.0491951333703704
"445",15,"laying","bodyacczmean",-0.000750262969180555
"446",15,"sitting","bodyacczmean",0.000566357313389831
"447",15,"standing","bodyacczmean",0.000959201390943396
"448",15,"walking","bodyacczmean",0.00134800798148148
"449",15,"walking_downstairs","bodyacczmean",0.0463177817904762
"450",15,"walking_upstairs","bodyacczmean",-0.00205342558333333
"451",16,"laying","bodyacczmean",0.00107351946285714
"452",16,"sitting","bodyacczmean",0.00918507165536232
"453",16,"standing","bodyacczmean",0.00314229903137179
"454",16,"walking","bodyacczmean",-0.00840955266666667
"455",16,"walking_downstairs","bodyacczmean",0.00877277442553192
"456",16,"walking_upstairs","bodyacczmean",0.0189077262352941
"457",17,"laying","bodyacczmean",-0.000573728269014085
"458",17,"sitting","bodyacczmean",-0.0026927267296875
"459",17,"standing","bodyacczmean",0.00190110861179487
"460",17,"walking","bodyacczmean",-0.0146168649
"461",17,"walking_downstairs","bodyacczmean",0.0147896569565217
"462",17,"walking_upstairs","bodyacczmean",-0.0195518994166667
"463",18,"laying","bodyacczmean",0.000898537171692308
"464",18,"sitting","bodyacczmean",-0.00355142287017544
"465",18,"standing","bodyacczmean",0.00220167080123288
"466",18,"walking","bodyacczmean",0.00451166116071429
"467",18,"walking_downstairs","bodyacczmean",0.000429430018181817
"468",18,"walking_upstairs","bodyacczmean",-0.024582715137931
"469",19,"laying","bodyacczmean",-0.000296414405542169
"470",19,"sitting","bodyacczmean",-0.00121266650589041
"471",19,"standing","bodyacczmean",-0.0025059520360274
"472",19,"walking","bodyacczmean",-0.00571293638461538
"473",19,"walking_downstairs","bodyacczmean",0.0281531738205128
"474",19,"walking_upstairs","bodyacczmean",-0.0122271456725
"475",20,"laying","bodyacczmean",0.00100294546323529
"476",20,"sitting","bodyacczmean",-0.000510413458484848
"477",20,"standing","bodyacczmean",0.00702647531369863
"478",20,"walking","bodyacczmean",-0.00778409235294118
"479",20,"walking_downstairs","bodyacczmean",-0.0267492752888889
"480",20,"walking_upstairs","bodyacczmean",-0.0339067711686274
"481",21,"laying","bodyacczmean",0.0122623963666667
"482",21,"sitting","bodyacczmean",0.000192504650117647
"483",21,"standing","bodyacczmean",0.00243208314831461
"484",21,"walking","bodyacczmean",0.0388730971173077
"485",21,"walking_downstairs","bodyacczmean",0.0219676805111111
"486",21,"walking_upstairs","bodyacczmean",-0.0101615560638298
"487",22,"laying","bodyacczmean",0.00381414506763889
"488",22,"sitting","bodyacczmean",0.00853926549
"489",22,"standing","bodyacczmean",0.0025212577047619
"490",22,"walking","bodyacczmean",-0.0100380282391304
"491",22,"walking_downstairs","bodyacczmean",-0.0323031325555556
"492",22,"walking_upstairs","bodyacczmean",0.0144506524285714
"493",23,"laying","bodyacczmean",0.00560015156986111
"494",23,"sitting","bodyacczmean",0.000460862626617647
"495",23,"standing","bodyacczmean",0.00190691315147059
"496",23,"walking","bodyacczmean",0.0198260316949153
"497",23,"walking_downstairs","bodyacczmean",-0.00764583353703704
"498",23,"walking_upstairs","bodyacczmean",-0.0119537838627451
"499",24,"laying","bodyacczmean",0.00439659503333333
"500",24,"sitting","bodyacczmean",0.000727915408823529
"501",24,"standing","bodyacczmean",-0.000873122420289855
"502",24,"walking","bodyacczmean",0.0338335768103448
"503",24,"walking_downstairs","bodyacczmean",-0.00373521509090909
"504",24,"walking_upstairs","bodyacczmean",-0.00258822644067797
"505",25,"laying","bodyacczmean",0.0201531205890411
"506",25,"sitting","bodyacczmean",-0.00235339170307692
"507",25,"standing","bodyacczmean",0.00363866884540541
"508",25,"walking","bodyacczmean",0.025837926972973
"509",25,"walking_downstairs","bodyacczmean",0.00237110479137931
"510",25,"walking_upstairs","bodyacczmean",0.0159668566307692
"511",26,"laying","bodyacczmean",0.00484940302157895
"512",26,"sitting","bodyacczmean",0.00947670846794872
"513",26,"standing","bodyacczmean",-0.000920505457702703
"514",26,"walking","bodyacczmean",-0.00293290906101695
"515",26,"walking_downstairs","bodyacczmean",-0.00042934306
"516",26,"walking_upstairs","bodyacczmean",0.0661886631454545
"517",27,"laying","bodyacczmean",0.00106484313783784
"518",27,"sitting","bodyacczmean",0.00524461841285714
"519",27,"standing","bodyacczmean",-0.001571485754125
"520",27,"walking","bodyacczmean",0.00777956277192983
"521",27,"walking_downstairs","bodyacczmean",0.0103108759090909
"522",27,"walking_upstairs","bodyacczmean",-0.0331145305294118
"523",28,"laying","bodyacczmean",-0.00490824879075
"524",28,"sitting","bodyacczmean",-0.00163777248888889
"525",28,"standing","bodyacczmean",-0.000264527214303798
"526",28,"walking","bodyacczmean",-0.0200797200555556
"527",28,"walking_downstairs","bodyacczmean",0.00859175045652174
"528",28,"walking_upstairs","bodyacczmean",-0.0630596854901961
"529",29,"laying","bodyacczmean",-0.00340918798956522
"530",29,"sitting","bodyacczmean",-0.00284540013333333
"531",29,"standing","bodyacczmean",0.000279484146153846
"532",29,"walking","bodyacczmean",-0.00145893981132075
"533",29,"walking_downstairs","bodyacczmean",0.0328139185145833
"534",29,"walking_upstairs","bodyacczmean",0.0558936642040816
"535",30,"laying","bodyacczmean",-0.000883412934857143
"536",30,"sitting","bodyacczmean",0.00335465745483871
"537",30,"standing","bodyacczmean",-0.00121468522372881
"538",30,"walking","bodyacczmean",0.0349488286107692
"539",30,"walking_downstairs","bodyacczmean",-0.0212905015645161
"540",30,"walking_upstairs","bodyacczmean",0.0205758714
"541",1,"laying","bodygyroxmean",-0.0159661675716
"542",1,"sitting","bodygyroxmean",-0.0232076234938298
"543",1,"standing","bodygyroxmean",0.00891729801773585
"544",1,"walking","bodygyroxmean",0.00747685885263158
"545",1,"walking_downstairs","bodygyroxmean",-0.118727008204082
"546",1,"walking_upstairs","bodygyroxmean",0.0998021347169811
"547",2,"laying","bodygyroxmean",0.0177494937135417
"548",2,"sitting","bodygyroxmean",-0.0298297051065217
"549",2,"standing","bodygyroxmean",0.0116561005055556
"550",2,"walking","bodygyroxmean",-0.0917045573559322
"551",2,"walking_downstairs","bodygyroxmean",-0.177574096595745
"552",2,"walking_upstairs","bodygyroxmean",0.102911038895833
"553",3,"laying","bodygyroxmean",0.0112363524564516
"554",3,"sitting","bodygyroxmean",0.00800294408076923
"555",3,"standing","bodygyroxmean",-0.00679811618032787
"556",3,"walking","bodygyroxmean",-0.0342330268965517
"557",3,"walking_downstairs","bodygyroxmean",-0.129880575444898
"558",3,"walking_upstairs","bodygyroxmean",0.160290847457627
"559",4,"laying","bodygyroxmean",0.0323878873814815
"560",4,"sitting","bodygyroxmean",-0.019714591036
"561",4,"standing","bodygyroxmean",0.0104971034392857
"562",4,"walking","bodygyroxmean",0.05663751255
"563",4,"walking_downstairs","bodygyroxmean",-0.0843141030666667
"564",4,"walking_upstairs","bodygyroxmean",0.174052745519231
"565",5,"laying","bodygyroxmean",0.0167157139403846
"566",5,"sitting","bodygyroxmean",-0.0429169545
"567",5,"standing","bodygyroxmean",-0.00501500975178571
"568",5,"walking","bodygyroxmean",-0.0769377707142857
"569",5,"walking_downstairs","bodygyroxmean",-0.00310994851063829
"570",5,"walking_upstairs","bodygyroxmean",0.0972241452978723
"571",6,"laying","bodygyroxmean",0.0646580331578947
"572",6,"sitting","bodygyroxmean",-0.0250124291072727
"573",6,"standing","bodygyroxmean",-0.00179867294385965
"574",6,"walking","bodygyroxmean",-0.0320182206385965
"575",6,"walking_downstairs","bodygyroxmean",-0.103879792291667
"576",6,"walking_upstairs","bodygyroxmean",-0.116322653568627
"577",7,"laying","bodygyroxmean",0.0471630230096154
"578",7,"sitting","bodygyroxmean",-0.0374578825520833
"579",7,"standing","bodygyroxmean",-0.029461836570566
"580",7,"walking","bodygyroxmean",0.106394612807018
"581",7,"walking_downstairs","bodygyroxmean",-0.19296867906383
"582",7,"walking_upstairs","bodygyroxmean",-0.164223425921569
"583",8,"laying","bodygyroxmean",0.049013682962963
"584",8,"sitting","bodygyroxmean",-0.0391723941521739
"585",8,"standing","bodygyroxmean",-0.00394813751296296
"586",8,"walking","bodygyroxmean",0.160335304166667
"587",8,"walking_downstairs","bodygyroxmean",-0.258208726052632
"588",8,"walking_upstairs","bodygyroxmean",0.389540354146341
"589",9,"laying","bodygyroxmean",0.024325718914
"590",9,"sitting","bodygyroxmean",-0.017741756094
"591",9,"standing","bodygyroxmean",-0.0237563413555556
"592",9,"walking","bodygyroxmean",-0.09404135
"593",9,"walking_downstairs","bodygyroxmean",-0.182033436904762
"594",9,"walking_upstairs","bodygyroxmean",-0.174271883673469
"595",10,"laying","bodygyroxmean",-0.0102535312036207
"596",10,"sitting","bodygyroxmean",-0.0313076740140741
"597",10,"standing","bodygyroxmean",0.0319357345909091
"598",10,"walking","bodygyroxmean",0.0573767097924528
"599",10,"walking_downstairs","bodygyroxmean",-0.191394881578947
"600",10,"walking_upstairs","bodygyroxmean",0.273377032765957
"601",11,"laying","bodygyroxmean",0.0205705774596491
"602",11,"sitting","bodygyroxmean",-0.0229637672433962
"603",11,"standing","bodygyroxmean",0.000507300391489361
"604",11,"walking","bodygyroxmean",-0.00900050815254237
"605",11,"walking_downstairs","bodygyroxmean",-0.231800837173913
"606",11,"walking_upstairs","bodygyroxmean",-0.0215479483333333
"607",12,"laying","bodygyroxmean",0.0100992696083333
"608",12,"sitting","bodygyroxmean",-0.0236354169607843
"609",12,"standing","bodygyroxmean",-0.00552307589672131
"610",12,"walking","bodygyroxmean",-0.128915213
"611",12,"walking_downstairs","bodygyroxmean",-0.180765806956522
"612",12,"walking_upstairs","bodygyroxmean",-0.185301512221154
"613",13,"laying","bodygyroxmean",0.0287335349709677
"614",13,"sitting","bodygyroxmean",-0.0158652677571429
"615",13,"standing","bodygyroxmean",-0.00196562942105263
"616",13,"walking","bodygyroxmean",-0.0611012440350877
"617",13,"walking_downstairs","bodygyroxmean",-0.119027769617021
"618",13,"walking_upstairs","bodygyroxmean",-0.158570388654545
"619",14,"laying","bodygyroxmean",0.0485117847529412
"620",14,"sitting","bodygyroxmean",-0.0324423055481481
"621",14,"standing","bodygyroxmean",0.0083426088
"622",14,"walking","bodygyroxmean",0.0177204884067797
"623",14,"walking_downstairs","bodygyroxmean",-0.000444120666666665
"624",14,"walking_upstairs","bodygyroxmean",0.32167728812963
"625",15,"laying","bodygyroxmean",0.0161465728791667
"626",15,"sitting","bodygyroxmean",-0.013100568730678
"627",15,"standing","bodygyroxmean",0.0135778152071698
"628",15,"walking","bodygyroxmean",-0.140659410314815
"629",15,"walking_downstairs","bodygyroxmean",-0.267050791904762
"630",15,"walking_upstairs","bodygyroxmean",0.3056842750625
"631",16,"laying","bodygyroxmean",0.0202805676028571
"632",16,"sitting","bodygyroxmean",-0.0217150456057971
"633",16,"standing","bodygyroxmean",-0.00270775701666667
"634",16,"walking","bodygyroxmean",0.0358810373921569
"635",16,"walking_downstairs","bodygyroxmean",-0.00579648106382979
"636",16,"walking_upstairs","bodygyroxmean",0.18710836374902
"637",17,"laying","bodygyroxmean",0.0116603644249296
"638",17,"sitting","bodygyroxmean",-0.0241851179171875
"639",17,"standing","bodygyroxmean",0.0108304269769359
"640",17,"walking","bodygyroxmean",0.0424133195622951
"641",17,"walking_downstairs","bodygyroxmean",0.190557700217391
"642",17,"walking_upstairs","bodygyroxmean",0.132360060333333
"643",18,"laying","bodygyroxmean",0.00705953697492308
"644",18,"sitting","bodygyroxmean",-0.0139636511652632
"645",18,"standing","bodygyroxmean",9.61757082191781e-05
"646",18,"walking","bodygyroxmean",0.0134051664285714
"647",18,"walking_downstairs","bodygyroxmean",-0.0465975328909091
"648",18,"walking_upstairs","bodygyroxmean",-0.081113899
"649",19,"laying","bodygyroxmean",-0.00910494626590361
"650",19,"sitting","bodygyroxmean",0.0122255956739726
"651",19,"standing","bodygyroxmean",0.00485218663013699
"652",19,"walking","bodygyroxmean",0.00723313248076923
"653",19,"walking_downstairs","bodygyroxmean",-0.45309528924359
"654",19,"walking_upstairs","bodygyroxmean",0.044245004
"655",20,"laying","bodygyroxmean",0.00419574857852941
"656",20,"sitting","bodygyroxmean",-0.0143253039712121
"657",20,"standing","bodygyroxmean",0.0158662716369863
"658",20,"walking","bodygyroxmean",-0.0355356141176471
"659",20,"walking_downstairs","bodygyroxmean",-0.170452412644444
"660",20,"walking_upstairs","bodygyroxmean",0.239782287843137
"661",21,"laying","bodygyroxmean",-0.00705521268222222
"662",21,"sitting","bodygyroxmean",0.0139450342389412
"663",21,"standing","bodygyroxmean",0.0204755672831461
"664",21,"walking","bodygyroxmean",-0.0652113963076923
"665",21,"walking_downstairs","bodygyroxmean",-0.192069477
"666",21,"walking_upstairs","bodygyroxmean",0.171367294468085
"667",22,"laying","bodygyroxmean",0.0122691671361111
"668",22,"sitting","bodygyroxmean",-0.0109726061274194
"669",22,"standing","bodygyroxmean",-0.0195295170539683
"670",22,"walking","bodygyroxmean",0.0885152309565217
"671",22,"walking_downstairs","bodygyroxmean",-0.0737073366666667
"672",22,"walking_upstairs","bodygyroxmean",0.277060476642857
"673",23,"laying","bodygyroxmean",0.0258685329319444
"674",23,"sitting","bodygyroxmean",-0.0232763819397059
"675",23,"standing","bodygyroxmean",-0.00979693648676471
"676",23,"walking","bodygyroxmean",0.0204262125932203
"677",23,"walking_downstairs","bodygyroxmean",-0.100340695133333
"678",23,"walking_upstairs","bodygyroxmean",0.242403635352941
"679",24,"laying","bodygyroxmean",0.0217872439402778
"680",24,"sitting","bodygyroxmean",-0.0146604466048529
"681",24,"standing","bodygyroxmean",0.000313256492753624
"682",24,"walking","bodygyroxmean",-0.120988344586207
"683",24,"walking_downstairs","bodygyroxmean",-0.215066891272727
"684",24,"walking_upstairs","bodygyroxmean",0.19539424120339
"685",25,"laying","bodygyroxmean",0.051052125369863
"686",25,"sitting","bodygyroxmean",-0.0145861836507692
"687",25,"standing","bodygyroxmean",0.00967656866891892
"688",25,"walking","bodygyroxmean",-0.0935234079702703
"689",25,"walking_downstairs","bodygyroxmean",0.0422926670689655
"690",25,"walking_upstairs","bodygyroxmean",0.166829471846154
"691",26,"laying","bodygyroxmean",0.0157831834289474
"692",26,"sitting","bodygyroxmean",-0.0155285671538462
"693",26,"standing","bodygyroxmean",0.00867761084459459
"694",26,"walking","bodygyroxmean",0.0317184453898305
"695",26,"walking_downstairs","bodygyroxmean",0.08423643468
"696",26,"walking_upstairs","bodygyroxmean",0.0253788278181818
"697",27,"laying","bodygyroxmean",0.0166133143627027
"698",27,"sitting","bodygyroxmean",-0.0173885165828571
"699",27,"standing","bodygyroxmean",0.00444493205875
"700",27,"walking","bodygyroxmean",-0.123295417017544
"701",27,"walking_downstairs","bodygyroxmean",-0.285124469090909
"702",27,"walking_upstairs","bodygyroxmean",-0.114737524901961
"703",28,"laying","bodygyroxmean",0.028211500265
"704",28,"sitting","bodygyroxmean",-0.0142167465163889
"705",28,"standing","bodygyroxmean",0.0126083093873418
"706",28,"walking","bodygyroxmean",-0.0869228396296296
"707",28,"walking_downstairs","bodygyroxmean",-0.19157485376087
"708",28,"walking_upstairs","bodygyroxmean",-0.223265528058824
"709",29,"laying","bodygyroxmean",0.00529798032115942
"710",29,"sitting","bodygyroxmean",-0.0158433754266667
"711",29,"standing","bodygyroxmean",0.000997341069230769
"712",29,"walking","bodygyroxmean",0.0380138003773585
"713",29,"walking_downstairs","bodygyroxmean",-0.0418975825
"714",29,"walking_upstairs","bodygyroxmean",0.318356744081633
"715",30,"laying","bodygyroxmean",0.013072046576
"716",30,"sitting","bodygyroxmean",-0.0172866466564516
"717",30,"standing","bodygyroxmean",-0.021264477440678
"718",30,"walking","bodygyroxmean",-0.131831439646154
"719",30,"walking_downstairs","bodygyroxmean",-0.221337737903226
"720",30,"walking_upstairs","bodygyroxmean",0.0940756784615385
"721",1,"laying","bodygyroymean",0.002071595314
"722",1,"sitting","bodygyroymean",-0.0166764589468085
"723",1,"standing","bodygyroymean",0.0161751360811321
"724",1,"walking","bodygyroymean",0.0295496486
"725",1,"walking_downstairs","bodygyroymean",0.0615735910204082
"726",1,"walking_upstairs","bodygyroymean",0.384218536313208
"727",2,"laying","bodygyroymean",-0.0291456208208333
"728",2,"sitting","bodygyroymean",0.00491840874347826
"729",2,"standing","bodygyroymean",0.00676610477592593
"730",2,"walking","bodygyroymean",0.0838385140169492
"731",2,"walking_downstairs","bodygyroymean",-0.0162758921276596
"732",2,"walking_upstairs","bodygyroymean",0.180568502520833
"733",3,"laying","bodygyroymean",-0.00602501685483871
"734",3,"sitting","bodygyroymean",-0.0240120286923077
"735",3,"standing","bodygyroymean",0.0301623757131148
"736",3,"walking","bodygyroymean",0.00501712163103448
"737",3,"walking_downstairs","bodygyroymean",0.0538230756122449
"738",3,"walking_upstairs","bodygyroymean",-0.0230419636440678
"739",4,"laying","bodygyroymean",-0.00991448791296296
"740",4,"sitting","bodygyroymean",-0.006881162306
"741",4,"standing","bodygyroymean",0.0270715180107143
"742",4,"walking","bodygyroymean",-0.00646838633333333
"743",4,"walking_downstairs","bodygyroymean",0.0395165792622222
"744",4,"walking_upstairs","bodygyroymean",-0.0433437819230769
"745",5,"laying","bodygyroymean",-0.00368025696730769
"746",5,"sitting","bodygyroymean",0.00789191172727273
"747",5,"standing","bodygyroymean",0.00636583556607143
"748",5,"walking","bodygyroymean",0.0682668079821429
"749",5,"walking_downstairs","bodygyroymean",0.18589061106383
"750",5,"walking_upstairs","bodygyroymean",-0.267720155595745
"751",6,"laying","bodygyroymean",-0.0100965986666667
"752",6,"sitting","bodygyroymean",-0.0165813542363636
"753",6,"standing","bodygyroymean",0.0178319195859649
"754",6,"walking","bodygyroymean",0.0312937038947368
"755",6,"walking_downstairs","bodygyroymean",0.0038116675
"756",6,"walking_upstairs","bodygyroymean",0.0450992008627451
"757",7,"laying","bodygyroymean",-0.04322122955
"758",7,"sitting","bodygyroymean",0.009883503125
"759",7,"standing","bodygyroymean",0.0024570047509434
"760",7,"walking","bodygyroymean",-0.0763808097719298
"761",7,"walking_downstairs","bodygyroymean",0.0153291338340426
"762",7,"walking_upstairs","bodygyroymean",0.0694505808235294
"763",8,"laying","bodygyroymean",-0.0106259449796296
"764",8,"sitting","bodygyroymean",-0.0108583931282609
"765",8,"standing","bodygyroymean",0.0481095573111111
"766",8,"walking","bodygyroymean",0.0464001104583333
"767",8,"walking_downstairs","bodygyroymean",-0.0931047221052632
"768",8,"walking_upstairs","bodygyroymean",-0.0313496880487805
"769",9,"laying","bodygyroymean",-0.077460236538
"770",9,"sitting","bodygyroymean",0.01829846536
"771",9,"standing","bodygyroymean",0.0212776535222222
"772",9,"walking","bodygyroymean",0.0130036082115385
"773",9,"walking_downstairs","bodygyroymean",0.116746300595238
"774",9,"walking_upstairs","bodygyroymean",0.0156709075510204
"775",10,"laying","bodygyroymean",-0.00130553482758621
"776",10,"sitting","bodygyroymean",0.00361777748703704
"777",10,"standing","bodygyroymean",-0.0203054992727273
"778",10,"walking","bodygyroymean",0.0449539266037736
"779",10,"walking_downstairs","bodygyroymean",-0.0874381021052632
"780",10,"walking_upstairs","bodygyroymean",-0.0477543078723404
"781",11,"laying","bodygyroymean",0.0162607701159649
"782",11,"sitting","bodygyroymean",-0.00416672832226415
"783",11,"standing","bodygyroymean",-0.00370169581276596
"784",11,"walking","bodygyroymean",0.0333513181355932
"785",11,"walking_downstairs","bodygyroymean",0.0161588980217391
"786",11,"walking_upstairs","bodygyroymean",0.175896238777778
"787",12,"laying","bodygyroymean",-0.009649239267
"788",12,"sitting","bodygyroymean",-0.00933471278627451
"789",12,"standing","bodygyroymean",-0.00121034245409836
"790",12,"walking","bodygyroymean",0.0363445877
"791",12,"walking_downstairs","bodygyroymean",0.028675382
"792",12,"walking_upstairs","bodygyroymean",0.00558467545192308
"793",13,"laying","bodygyroymean",-0.0136798966806452
"794",13,"sitting","bodygyroymean",0.000296428248979591
"795",13,"standing","bodygyroymean",0.00377761440701754
"796",13,"walking","bodygyroymean",-0.111611633052632
"797",13,"walking_downstairs","bodygyroymean",0.171458044042553
"798",13,"walking_upstairs","bodygyroymean",0.00136702490909091
"799",14,"laying","bodygyroymean",-0.01758078419
"800",14,"sitting","bodygyroymean",0.0145963598814815
"801",14,"standing","bodygyroymean",0.0317212552816667
"802",14,"walking","bodygyroymean",0.283886903372881
"803",14,"walking_downstairs","bodygyroymean",0.0331491882222222
"804",14,"walking_upstairs","bodygyroymean",0.044068015
"805",15,"laying","bodygyroymean",0.0163020887486111
"806",15,"sitting","bodygyroymean",-0.0071613733
"807",15,"standing","bodygyroymean",0.0111397428169811
"808",15,"walking","bodygyroymean",0.0334729658518519
"809",15,"walking_downstairs","bodygyroymean",-0.0623111126190476
"810",15,"walking_upstairs","bodygyroymean",-0.102149646208333
"811",16,"laying","bodygyroymean",-0.03267630723
"812",16,"sitting","bodygyroymean",0.00657801067246377
"813",16,"standing","bodygyroymean",0.012685085319359
"814",16,"walking","bodygyroymean",0.0291117702745098
"815",16,"walking_downstairs","bodygyroymean",-0.0021872445106383
"816",16,"walking_upstairs","bodygyroymean",-0.0266517988235294
"817",17,"laying","bodygyroymean",-0.0248290893060423
"818",17,"sitting","bodygyroymean",0.0052853182203125
"819",17,"standing","bodygyroymean",-0.00194378575384615
"820",17,"walking","bodygyroymean",0.0389970664590164
"821",17,"walking_downstairs","bodygyroymean",0.0203734166956522
"822",17,"walking_upstairs","bodygyroymean",0.0359614695208333
"823",18,"laying","bodygyroymean",-0.00799628695553846
"824",18,"sitting","bodygyroymean",-0.00107709434385965
"825",18,"standing","bodygyroymean",-0.000600258505479452
"826",18,"walking","bodygyroymean",0.0308668459642857
"827",18,"walking_downstairs","bodygyroymean",0.106932130054545
"828",18,"walking_upstairs","bodygyroymean",0.0542784428275862
"829",19,"laying","bodygyroymean",-0.0206796046048193
"830",19,"sitting","bodygyroymean",0.0174288751945205
"831",19,"standing","bodygyroymean",0.00902504817808219
"832",19,"walking","bodygyroymean",-0.0543801548461538
"833",19,"walking_downstairs","bodygyroymean",-0.0337836950410256
"834",19,"walking_upstairs","bodygyroymean",-0.0258827625
"835",20,"laying","bodygyroymean",-0.0115007035485294
"836",20,"sitting","bodygyroymean",0.000632069436060606
"837",20,"standing","bodygyroymean",0.022693754230137
"838",20,"walking","bodygyroymean",0.0364901489019608
"839",20,"walking_downstairs","bodygyroymean",-0.0466009786666667
"840",20,"walking_upstairs","bodygyroymean",-0.134704690078431
"841",21,"laying","bodygyroymean",-0.0316169078222222
"842",21,"sitting","bodygyroymean",-0.00148915306
"843",21,"standing","bodygyroymean",0.000585377267415731
"844",21,"walking","bodygyroymean",-0.0261052105769231
"845",21,"walking_downstairs","bodygyroymean",0.127509200888889
"846",21,"walking_upstairs","bodygyroymean",-0.0870883234042553
"847",22,"laying","bodygyroymean",-0.00872382149583333
"848",22,"sitting","bodygyroymean",0.01114425125
"849",22,"standing","bodygyroymean",-0.0023213609968254
"850",22,"walking","bodygyroymean",-0.041810892826087
"851",22,"walking_downstairs","bodygyroymean",0.0443606836388889
"852",22,"walking_upstairs","bodygyroymean",-0.0847083602380952
"853",23,"laying","bodygyroymean",-0.0201588937902778
"854",23,"sitting","bodygyroymean",0.0157377057117647
"855",23,"standing","bodygyroymean",0.00531273028529412
"856",23,"walking","bodygyroymean",-0.0230448648305085
"857",23,"walking_downstairs","bodygyroymean",-0.109672954203704
"858",23,"walking_upstairs","bodygyroymean",-0.101975890803922
"859",24,"laying","bodygyroymean",-0.0227832898458333
"860",24,"sitting","bodygyroymean",-0.000509760817941177
"861",24,"standing","bodygyroymean",0.0101117338637681
"862",24,"walking","bodygyroymean",-0.0241179845517241
"863",24,"walking_downstairs","bodygyroymean",0.0510343494363636
"864",24,"walking_upstairs","bodygyroymean",-0.0515807914576271
"865",25,"laying","bodygyroymean",0.0175084314178082
"866",25,"sitting","bodygyroymean",-0.00646163502153846
"867",25,"standing","bodygyroymean",0.00753886691081081
"868",25,"walking","bodygyroymean",0.0952879232391892
"869",25,"walking_downstairs","bodygyroymean",0.0157674209137931
"870",25,"walking_upstairs","bodygyroymean",0.0267102899538462
"871",26,"laying","bodygyroymean",-0.00467139811710526
"872",26,"sitting","bodygyroymean",-0.00562275637948718
"873",26,"standing","bodygyroymean",0.000700709108108108
"874",26,"walking","bodygyroymean",-0.0356063129661017
"875",26,"walking_downstairs","bodygyroymean",-0.01682224918
"876",26,"walking_upstairs","bodygyroymean",0.0528373946
"877",27,"laying","bodygyroymean",-0.0224284583824324
"878",27,"sitting","bodygyroymean",-0.00568640674857143
"879",27,"standing","bodygyroymean",0.0062591074335
"880",27,"walking","bodygyroymean",-0.0255789912807018
"881",27,"walking_downstairs","bodygyroymean",0.0187261390909091
"882",27,"walking_upstairs","bodygyroymean",0.174583696098039
"883",28,"laying","bodygyroymean",-0.02205463533625
"884",28,"sitting","bodygyroymean",0.00542581370416667
"885",28,"standing","bodygyroymean",0.0113567698607595
"886",28,"walking","bodygyroymean",0.052905987
"887",28,"walking_downstairs","bodygyroymean",0.117714092826087
"888",28,"walking_upstairs","bodygyroymean",-0.0186220645098039
"889",29,"laying","bodygyroymean",-0.0058682511
"890",29,"sitting","bodygyroymean",-0.00428323292166667
"891",29,"standing","bodygyroymean",-5.68608784615384e-05
"892",29,"walking","bodygyroymean",0.0802407785849057
"893",29,"walking_downstairs","bodygyroymean",0.00251454708333334
"894",29,"walking_upstairs","bodygyroymean",-0.198854086734694
"895",30,"laying","bodygyroymean",-0.00409605519871429
"896",30,"sitting","bodygyroymean",-0.000952095935483871
"897",30,"standing","bodygyroymean",-0.000895401430508475
"898",30,"walking","bodygyroymean",0.105196394307692
"899",30,"walking_downstairs","bodygyroymean",0.147896323225806
"900",30,"walking_upstairs","bodygyroymean",-0.0906104226153846
"901",1,"laying","bodygyrozmean",0.067336505546
"902",1,"sitting","bodygyrozmean",-0.0256845792744681
"903",1,"standing","bodygyrozmean",-0.0142733783603774
"904",1,"walking","bodygyrozmean",-0.0102160895652632
"905",1,"walking_downstairs","bodygyrozmean",0.0191197775510204
"906",1,"walking_upstairs","bodygyrozmean",-0.0386309918301887
"907",2,"laying","bodygyrozmean",0.0489002066666667
"908",2,"sitting","bodygyrozmean",-0.0352881267247826
"909",2,"standing","bodygyrozmean",0.000350923253703704
"910",2,"walking","bodygyrozmean",-0.00473262284745763
"911",2,"walking_downstairs","bodygyrozmean",0.0205459865021277
"912",2,"walking_upstairs","bodygyrozmean",0.195139590416667
"913",3,"laying","bodygyrozmean",0.0449739774408065
"914",3,"sitting","bodygyrozmean",0.0135857389115385
"915",3,"standing","bodygyrozmean",-0.0347819959885246
"916",3,"walking","bodygyrozmean",-0.0324380118448276
"917",3,"walking_downstairs","bodygyrozmean",-0.032243500377551
"918",3,"walking_upstairs","bodygyrozmean",-0.0479954663728814
"919",4,"laying","bodygyrozmean",0.0652862963209259
"920",4,"sitting","bodygyrozmean",-0.000423404441999999
"921",4,"standing","bodygyrozmean",-0.00904168362714286
"922",4,"walking","bodygyrozmean",0.0151726290666667
"923",4,"walking_downstairs","bodygyrozmean",-0.0303936686244444
"924",4,"walking_upstairs","bodygyrozmean",-0.0719013202846154
"925",5,"laying","bodygyrozmean",0.0577465030576923
"926",5,"sitting","bodygyrozmean",-0.01450408055
"927",5,"standing","bodygyrozmean",-0.0323256292875
"928",5,"walking","bodygyrozmean",-0.0112616342678571
"929",5,"walking_downstairs","bodygyrozmean",-0.0239144140851064
"930",5,"walking_upstairs","bodygyrozmean",0.0426538982978723
"931",6,"laying","bodygyrozmean",0.0648268942666667
"932",6,"sitting","bodygyrozmean",-0.0174122706927273
"933",6,"standing","bodygyrozmean",-0.00635685329649123
"934",6,"walking","bodygyrozmean",-0.0613058014912281
"935",6,"walking_downstairs","bodygyrozmean",-0.0922844452291667
"936",6,"walking_upstairs","bodygyrozmean",0.0286201649607843
"937",7,"laying","bodygyrozmean",0.0503826166903846
"938",7,"sitting","bodygyrozmean",-0.0334633143304167
"939",7,"standing","bodygyrozmean",-0.00522812548528302
"940",7,"walking","bodygyrozmean",-0.0188545428947368
"941",7,"walking_downstairs","bodygyrozmean",0.0370913634468085
"942",7,"walking_upstairs","bodygyrozmean",0.044205211472549
"943",8,"laying","bodygyrozmean",0.0443840109259259
"944",8,"sitting","bodygyrozmean",-0.0220870506021739
"945",8,"standing","bodygyrozmean",-0.0209508797907407
"946",8,"walking","bodygyrozmean",-0.02580681125
"947",8,"walking_downstairs","bodygyrozmean",0.110591664736842
"948",8,"walking_upstairs","bodygyrozmean",-0.03465647
"949",9,"laying","bodygyrozmean",0.01188388217
"950",9,"sitting","bodygyrozmean",-0.00475765208
"951",9,"standing","bodygyrozmean",0.00281254090184444
"952",9,"walking","bodygyrozmean",-0.00780932788461538
"953",9,"walking_downstairs","bodygyrozmean",-0.0517785222142857
"954",9,"walking_upstairs","bodygyrozmean",0.0617982984897959
"955",10,"laying","bodygyrozmean",0.0167199069746552
"956",10,"sitting","bodygyrozmean",-0.0169905866148148
"957",10,"standing","bodygyrozmean",0.0140732407818182
"958",10,"walking","bodygyrozmean",0.0634586650566038
"959",10,"walking_downstairs","bodygyrozmean",-0.0533154063157895
"960",10,"walking_upstairs","bodygyrozmean",-0.0173035998297872
"961",11,"laying","bodygyrozmean",0.0494455678526316
"962",11,"sitting","bodygyrozmean",-0.0103278310283019
"963",11,"standing","bodygyrozmean",-0.00743955707021277
"964",11,"walking","bodygyrozmean",-0.0112662439491525
"965",11,"walking_downstairs","bodygyrozmean",0.0284300401086956
"966",11,"walking_upstairs","bodygyrozmean",0.0178352589018519
"967",12,"laying","bodygyrozmean",0.05157944418855
"968",12,"sitting","bodygyrozmean",-0.0114548263058824
"969",12,"standing","bodygyrozmean",-0.0213702498786885
"970",12,"walking","bodygyrozmean",0.0181658566
"971",12,"walking_downstairs","bodygyrozmean",-0.033713730123913
"972",12,"walking_upstairs","bodygyrozmean",-0.103936569769231
"973",13,"laying","bodygyrozmean",0.0345318929790323
"974",13,"sitting","bodygyrozmean",-0.0205351371265306
"975",13,"standing","bodygyrozmean",-0.000405767221052632
"976",13,"walking","bodygyrozmean",0.0580394516491228
"977",13,"walking_downstairs","bodygyrozmean",0.0437955634255319
"978",13,"walking_upstairs","bodygyrozmean",0.0468485491272727
"979",14,"laying","bodygyrozmean",0.0208805856372549
"980",14,"sitting","bodygyrozmean",0.00165490248518519
"981",14,"standing","bodygyrozmean",-0.0172538904075
"982",14,"walking","bodygyrozmean",-0.0152477375762712
"983",14,"walking_downstairs","bodygyrozmean",-0.0158192973111111
"984",14,"walking_upstairs","bodygyrozmean",-0.0351506807407407
"985",15,"laying","bodygyrozmean",0.0267186370495833
"986",15,"sitting","bodygyrozmean",-0.00275262266101695
"987",15,"standing","bodygyrozmean",-0.00720520891132076
"988",15,"walking","bodygyrozmean",-0.0239617537037037
"989",15,"walking_downstairs","bodygyrozmean",-0.0577206416666667
"990",15,"walking_upstairs","bodygyrozmean",0.0669763640145833
"991",16,"laying","bodygyrozmean",0.00908981842714286
"992",16,"sitting","bodygyrozmean",0.00511307059855073
"993",16,"standing","bodygyrozmean",-0.000389198734615385
"994",16,"walking","bodygyrozmean",0.025265287372549
"995",16,"walking_downstairs","bodygyrozmean",0.0571172522340426
"996",16,"walking_upstairs","bodygyrozmean",-0.132127934313725
"997",17,"laying","bodygyrozmean",0.0219030159394366
"998",17,"sitting","bodygyrozmean",-0.00590147964375
"999",17,"standing","bodygyrozmean",0.000713347143589744
"1000",17,"walking","bodygyrozmean",0.00638270421311476
"1001",17,"walking_downstairs","bodygyrozmean",-0.0211906466630435
"1002",17,"walking_upstairs","bodygyrozmean",-0.088380849375
"1003",18,"laying","bodygyrozmean",0.0127518284235385
"1004",18,"sitting","bodygyrozmean",-0.00214473672894737
"1005",18,"standing","bodygyrozmean",0.000330982599315068
"1006",18,"walking","bodygyrozmean",0.0284101448214286
"1007",18,"walking_downstairs","bodygyrozmean",0.0827730587818182
"1008",18,"walking_upstairs","bodygyrozmean",0.0121159143103448
"1009",19,"laying","bodygyrozmean",0.018220381213253
"1010",19,"sitting","bodygyrozmean",0.0120322657219178
"1011",19,"standing","bodygyrozmean",-0.00871860380958904
"1012",19,"walking","bodygyrozmean",0.0183487339807692
"1013",19,"walking_downstairs","bodygyrozmean",-0.00452717384615384
"1014",19,"walking_upstairs","bodygyrozmean",-0.0327154435
"1015",20,"laying","bodygyrozmean",0.0262553557264706
"1016",20,"sitting","bodygyrozmean",-0.0223076181034848
"1017",20,"standing","bodygyrozmean",-0.00175379156849315
"1018",20,"walking","bodygyrozmean",0.00282312411764706
"1019",20,"walking_downstairs","bodygyrozmean",-0.0819419384444444
"1020",20,"walking_upstairs","bodygyrozmean",-0.0222885378431373
"1021",21,"laying","bodygyrozmean",0.0149537796925556
"1022",21,"sitting","bodygyrozmean",-0.00456970281294118
"1023",21,"standing","bodygyrozmean",-0.00483935772280899
"1024",21,"walking","bodygyrozmean",-0.00880989911538461
"1025",21,"walking_downstairs","bodygyrozmean",0.0676656482222222
"1026",21,"walking_upstairs","bodygyrozmean",-0.0384247433617021
"1027",22,"laying","bodygyrozmean",0.0458874727054167
"1028",22,"sitting","bodygyrozmean",-0.0164540735935484
"1029",22,"standing","bodygyrozmean",-0.0154212063746032
"1030",22,"walking","bodygyrozmean",0.0129670024478261
"1031",22,"walking_downstairs","bodygyrozmean",-0.00512872222222223
"1032",22,"walking_upstairs","bodygyrozmean",-0.00277936880952381
"1033",23,"laying","bodygyrozmean",0.0230767164497944
"1034",23,"sitting","bodygyrozmean",-0.0189772507288926
"1035",23,"standing","bodygyrozmean",-0.00123589646929412
"1036",23,"walking","bodygyrozmean",-0.00972202949152542
"1037",23,"walking_downstairs","bodygyrozmean",0.051056550537037
"1038",23,"walking_upstairs","bodygyrozmean",0.073237612745098
"1039",24,"laying","bodygyrozmean",0.0253021730698611
"1040",24,"sitting","bodygyrozmean",-0.00763527028470588
"1041",24,"standing","bodygyrozmean",-0.0095704203884058
"1042",24,"walking","bodygyrozmean",0.0407195305172414
"1043",24,"walking_downstairs","bodygyrozmean",0.0650932635090909
"1044",24,"walking_upstairs","bodygyrozmean",-0.119354700415254
"1045",25,"laying","bodygyrozmean",0.0339996619671233
"1046",25,"sitting","bodygyrozmean",-0.00846104893230769
"1047",25,"standing","bodygyrozmean",0.0025492964472973
"1048",25,"walking","bodygyrozmean",-0.0241142844027027
"1049",25,"walking_downstairs","bodygyrozmean",-0.00793076544827586
"1050",25,"walking_upstairs","bodygyrozmean",-0.0248522578615385
"1051",26,"laying","bodygyrozmean",0.0547585179752237
"1052",26,"sitting","bodygyrozmean",-0.014503778620641
"1053",26,"standing","bodygyrozmean",-0.00427285157058108
"1054",26,"walking","bodygyrozmean",0.00875220475762712
"1055",26,"walking_downstairs","bodygyrozmean",-0.0362616486
"1056",26,"walking_upstairs","bodygyrozmean",0.121983706909091
"1057",27,"laying","bodygyrozmean",0.0301656528081081
"1058",27,"sitting","bodygyrozmean",-0.0116100484571429
"1059",27,"standing","bodygyrozmean",-0.01118042070125
"1060",27,"walking","bodygyrozmean",0.0256976907017544
"1061",27,"walking_downstairs","bodygyrozmean",0.0457062591363636
"1062",27,"walking_upstairs","bodygyrozmean",0.201914286078431
"1063",28,"laying","bodygyrozmean",0.0043722911185
"1064",28,"sitting","bodygyrozmean",0.00741045548333333
"1065",28,"standing","bodygyrozmean",-0.00478803167202532
"1066",28,"walking","bodygyrozmean",0.043921218537037
"1067",28,"walking_downstairs","bodygyrozmean",0.0562822233043478
"1068",28,"walking_upstairs","bodygyrozmean",-0.0433398651960784
"1069",29,"laying","bodygyrozmean",0.0391430134710145
"1070",29,"sitting","bodygyrozmean",-0.0232729248045
"1071",29,"standing","bodygyrozmean",4.63638015384616e-05
"1072",29,"walking","bodygyrozmean",0.0104861687735849
"1073",29,"walking_downstairs","bodygyrozmean",-0.0114389329166667
"1074",29,"walking_upstairs","bodygyrozmean",0.0388313571632653
"1075",30,"laying","bodygyrozmean",0.0128999418428571
"1076",30,"sitting","bodygyrozmean",-0.0138511224556452
"1077",30,"standing","bodygyrozmean",-0.00913505705525424
"1078",30,"walking","bodygyrozmean",-0.00305559086153846
"1079",30,"walking_downstairs","bodygyrozmean",-0.0463850943548387
"1080",30,"walking_upstairs","bodygyrozmean",-0.0440464545846154
"1081",1,"laying","observationmean",0.22159824394
"1082",1,"sitting","observationmean",0.261237565425532
"1083",1,"standing","observationmean",0.278917629056604
"1084",1,"walking","observationmean",0.277330758736842
"1085",1,"walking_downstairs","observationmean",0.289188320408163
"1086",1,"walking_upstairs","observationmean",0.255461689622641
"1087",2,"laying","observationmean",0.281373403958333
"1088",2,"sitting","observationmean",0.27708735173913
"1089",2,"standing","observationmean",0.277911472222222
"1090",2,"walking","observationmean",0.276426586440678
"1091",2,"walking_downstairs","observationmean",0.27761534806383
"1092",2,"walking_upstairs","observationmean",0.247164790395833
"1093",3,"laying","observationmean",0.275516852741935
"1094",3,"sitting","observationmean",0.257197599134615
"1095",3,"standing","observationmean",0.280046513278689
"1096",3,"walking","observationmean",0.275567462068966
"1097",3,"walking_downstairs","observationmean",0.292423484693878
"1098",3,"walking_upstairs","observationmean",0.260819873067797
"1099",4,"laying","observationmean",0.263559214981481
"1100",4,"sitting","observationmean",0.27153827992
"1101",4,"standing","observationmean",0.280499745892857
"1102",4,"walking","observationmean",0.278582015166667
"1103",4,"walking_downstairs","observationmean",0.279965329555556
"1104",4,"walking_upstairs","observationmean",0.270876696730769
"1105",5,"laying","observationmean",0.278334325576923
"1106",5,"sitting","observationmean",0.273694139545455
"1107",5,"standing","observationmean",0.282544390892857
"1108",5,"walking","observationmean",0.27784234625
"1109",5,"walking_downstairs","observationmean",0.29354392712766
"1110",5,"walking_upstairs","observationmean",0.268459469914894
"1111",6,"laying","observationmean",0.248656520140351
"1112",6,"sitting","observationmean",0.276778487454545
"1113",6,"standing","observationmean",0.280346248596491
"1114",6,"walking","observationmean",0.283658868070175
"1115",6,"walking_downstairs","observationmean",0.277045258145833
"1116",6,"walking_upstairs","observationmean",0.268229355098039
"1117",7,"laying","observationmean",0.250176694038462
"1118",7,"sitting","observationmean",0.284674637291667
"1119",7,"standing","observationmean",0.282723539433962
"1120",7,"walking","observationmean",0.275592961754386
"1121",7,"walking_downstairs","observationmean",0.28030708
"1122",7,"walking_upstairs","observationmean",0.248706923078431
"1123",8,"laying","observationmean",0.261254282907407
"1124",8,"sitting","observationmean",0.267491472934783
"1125",8,"standing","observationmean",0.279620986111111
"1126",8,"walking","observationmean",0.27468631
"1127",8,"walking_downstairs","observationmean",0.283484089210526
"1128",8,"walking_upstairs","observationmean",0.258880152048781
"1129",9,"laying","observationmean",0.2591955368
"1130",9,"sitting","observationmean",0.24832674354
"1131",9,"standing","observationmean",0.282310057333333
"1132",9,"walking","observationmean",0.278502842115385
"1133",9,"walking_downstairs","observationmean",0.295923445
"1134",9,"walking_upstairs","observationmean",0.262436475714286
"1135",10,"laying","observationmean",0.280230574137931
"1136",10,"sitting","observationmean",0.270612056481481
"1137",10,"standing","observationmean",0.276650300681818
"1138",10,"walking","observationmean",0.278574076603774
"1139",10,"walking_downstairs","observationmean",0.290401594315789
"1140",10,"walking_upstairs","observationmean",0.267121853404255
"1141",11,"laying","observationmean",0.280592970877193
"1142",11,"sitting","observationmean",0.276590197358491
"1143",11,"standing","observationmean",0.277715562765957
"1144",11,"walking","observationmean",0.271821892881356
"1145",11,"walking_downstairs","observationmean",0.291605631956522
"1146",11,"walking_upstairs","observationmean",0.263775859277778
"1147",12,"laying","observationmean",0.260113433
"1148",12,"sitting","observationmean",0.275007224901961
"1149",12,"standing","observationmean",0.277405834918033
"1150",12,"walking","observationmean",0.2771286656
"1151",12,"walking_downstairs","observationmean",0.281521097391304
"1152",12,"walking_upstairs","observationmean",0.272970338653846
"1153",13,"laying","observationmean",0.276716360483871
"1154",13,"sitting","observationmean",0.274328499591837
"1155",13,"standing","observationmean",0.277758431052632
"1156",13,"walking","observationmean",0.275883130350877
"1157",13,"walking_downstairs","observationmean",0.294907553404255
"1158",13,"walking_upstairs","observationmean",0.258203939581818
"1159",14,"laying","observationmean",0.233275439803922
"1160",14,"sitting","observationmean",0.279990577037037
"1161",14,"standing","observationmean",0.280545613833333
"1162",14,"walking","observationmean",0.271959598644068
"1163",14,"walking_downstairs","observationmean",0.293422115555556
"1164",14,"walking_upstairs","observationmean",0.26242106612963
"1165",15,"laying","observationmean",0.2894756525
"1166",15,"sitting","observationmean",0.27290337979661
"1167",15,"standing","observationmean",0.278915803962264
"1168",15,"walking","observationmean",0.273899207962963
"1169",15,"walking_downstairs","observationmean",0.280198851190476
"1170",15,"walking_upstairs","observationmean",0.270187595833333
"1171",16,"laying","observationmean",0.274227162571429
"1172",16,"sitting","observationmean",0.280768574492754
"1173",16,"standing","observationmean",0.283497402948718
"1174",16,"walking","observationmean",0.276023564509804
"1175",16,"walking_downstairs","observationmean",0.295586802191489
"1176",16,"walking_upstairs","observationmean",0.255986102627451
"1177",17,"laying","observationmean",0.269780085577465
"1178",17,"sitting","observationmean",0.2773570196875
"1179",17,"standing","observationmean",0.277942503333333
"1180",17,"walking","observationmean",0.272341855245902
"1181",17,"walking_downstairs","observationmean",0.29391828326087
"1182",17,"walking_upstairs","observationmean",0.252604768583333
"1183",18,"laying","observationmean",0.274691576923077
"1184",18,"sitting","observationmean",0.27727001877193
"1185",18,"standing","observationmean",0.278458805890411
"1186",18,"walking","observationmean",0.273887758571429
"1187",18,"walking_downstairs","observationmean",0.288439468909091
"1188",18,"walking_upstairs","observationmean",0.265401201896552
"1189",19,"laying","observationmean",0.272653733493976
"1190",19,"sitting","observationmean",0.273830316164384
"1191",19,"standing","observationmean",0.27817226
"1192",19,"walking","observationmean",0.273931172307692
"1193",19,"walking_downstairs","observationmean",0.262688053871795
"1194",19,"walking_upstairs","observationmean",0.242118808925
"1195",20,"laying","observationmean",0.239507882205882
"1196",20,"sitting","observationmean",0.278045439090909
"1197",20,"standing","observationmean",0.278076904657534
"1198",20,"walking","observationmean",0.272589336470588
"1199",20,"walking_downstairs","observationmean",0.296144421355556
"1200",20,"walking_upstairs","observationmean",0.252098317156863
"1201",21,"laying","observationmean",0.271325472455556
"1202",21,"sitting","observationmean",0.277539616823529
"1203",21,"standing","observationmean",0.27695224258427
"1204",21,"walking","observationmean",0.279183526730769
"1205",21,"walking_downstairs","observationmean",0.3014610196
"1206",21,"walking_upstairs","observationmean",0.265194544680851
"1207",22,"laying","observationmean",0.279959721194444
"1208",22,"sitting","observationmean",0.273583822709677
"1209",22,"standing","observationmean",0.279053861587302
"1210",22,"walking","observationmean",0.27886459
"1211",22,"walking_downstairs","observationmean",0.284458963861111
"1212",22,"walking_upstairs","observationmean",0.248391534566667
"1213",23,"laying","observationmean",0.274038007986111
"1214",23,"sitting","observationmean",0.273351251617647
"1215",23,"standing","observationmean",0.277899323235294
"1216",23,"walking","observationmean",0.273211884237288
"1217",23,"walking_downstairs","observationmean",0.289897411148148
"1218",23,"walking_upstairs","observationmean",0.249995171031373
"1219",24,"laying","observationmean",0.272850494930556
"1220",24,"sitting","observationmean",0.273475690147059
"1221",24,"standing","observationmean",0.280348883913043
"1222",24,"walking","observationmean",0.276980816034483
"1223",24,"walking_downstairs","observationmean",0.288631208909091
"1224",24,"walking_upstairs","observationmean",0.269881106779661
"1225",25,"laying","observationmean",0.250791828613699
"1226",25,"sitting","observationmean",0.278541482461538
"1227",25,"standing","observationmean",0.278013701621622
"1228",25,"walking","observationmean",0.278992759054054
"1229",25,"walking_downstairs","observationmean",0.291329666206897
"1230",25,"walking_upstairs","observationmean",0.277995411384615
"1231",26,"laying","observationmean",0.271645864540789
"1232",26,"sitting","observationmean",0.258243530166667
"1233",26,"standing","observationmean",0.281127035405405
"1234",26,"walking","observationmean",0.279264443728814
"1235",26,"walking_downstairs","observationmean",0.2792845828
"1236",26,"walking_upstairs","observationmean",0.272691394545455
"1237",27,"laying","observationmean",0.274102492432432
"1238",27,"sitting","observationmean",0.273941302571429
"1239",27,"standing","observationmean",0.279566921625
"1240",27,"walking","observationmean",0.276849485438596
"1241",27,"walking_downstairs","observationmean",0.2975441875
"1242",27,"walking_upstairs","observationmean",0.265770253921569
"1243",28,"laying","observationmean",0.2759134825
"1244",28,"sitting","observationmean",0.276977629444444
"1245",28,"standing","observationmean",0.277795069113924
"1246",28,"walking","observationmean",0.281228223888889
"1247",28,"walking_downstairs","observationmean",0.293642076521739
"1248",28,"walking_upstairs","observationmean",0.262005841764706
"1249",29,"laying","observationmean",0.287295196811594
"1250",29,"sitting","observationmean",0.2771799775
"1251",29,"standing","observationmean",0.277965065846154
"1252",29,"walking","observationmean",0.271999916792453
"1253",29,"walking_downstairs","observationmean",0.293140441083333
"1254",29,"walking_upstairs","observationmean",0.265423066877551
"1255",30,"laying","observationmean",0.281033900571429
"1256",30,"sitting","observationmean",0.268336081379032
"1257",30,"standing","observationmean",0.277112699152542
"1258",30,"walking","observationmean",0.276406758
"1259",30,"walking_downstairs","observationmean",0.283190646967742
"1260",30,"walking_upstairs","observationmean",0.271415642261538
